position_only,case,Actual_eCPM,Actual_Revenue
leaderboard,Nonamp,56.16957221803662,36.65001780341207
passback,Nonamp,19.29245046153845,49.36555250376922
bottom,Nonamp,81.52213788561002,337.9991846082261
middle,Nonamp,79.42748076453901,387.4067550836098
top,Nonamp,74.92204943320087,593.3575002248695
middle ,Amp,45.114953238451996,691.7860652786775
bottom ,Amp,46.97075390740743,721.7339750955873
top,Amp,60.74092210691143,915.2801371302112
afterrelated ,Amp,53.87339900277783,926.7057681817503
